product,images_url,outlet
Daging Ayam Utuh 0.5 kg,https://images.tokopedia.net/img/cache/500-square/VqbcmM/2022/2/7/14e42d92-5757-41b3-861a-b019fc2110e6.jpg,bestmeat
Bundling Indomie Ayam bawang x 5 pcs,https://images.tokopedia.net/img/cache/500-square/VqbcmM/2022/1/28/b05f8e6f-1e35-4243-b7e0-47ebf2e1f4a4.jpg,bestmeat
Kecap manis Indofood 520gr Free Indomie,https://images.tokopedia.net/img/cache/500-square/VqbcmM/2022/1/14/f51dfa79-3b2a-4228-b003-ea5a9da7218f.jpg,bestmeat
Bundling Indomie Soto Mie x 5pcs,https://images.tokopedia.net/img/cache/500-square/VqbcmM/2022/1/28/429a7b8c-02ad-4b6a-849c-800811c264eb.jpg,bestmeat
Bundling Indomie Ayam Spesial x 5pcs,https://images.tokopedia.net/img/cache/500-square/VqbcmM/2022/1/28/1c97938a-7e4f-4bb1-8883-5c7bc1b0e415.jpg,bestmeat
Bumbu Racik Indofood Sayur sop 20g,https://images.tokopedia.net/img/cache/500-square/hDjmkQ/2022/1/6/ddbadd34-49f4-40d2-a79a-874e1ae0a447.png,bestmeat
Kecap Manis Pet Indofood 135 gr,https://images.tokopedia.net/img/cache/500-square/hDjmkQ/2022/1/6/33e84663-c7e6-4ffd-905d-3ef05f431bbd.png,bestmeat
Sambal Extra Pedas Indofood 135 gr,https://images.tokopedia.net/img/cache/500-square/hDjmkQ/2022/1/6/8c405358-9d70-42ac-b2ef-538a5d4d8282.png,bestmeat
Bumbu Kentang Barbeque Indofood 25 gr,https://images.tokopedia.net/img/cache/500-square/hDjmkQ/2022/1/6/bd680b3d-cc42-4b69-802f-ed5f955de665.png,bestmeat
Bumbu Racik Indofood Ayam goreng 26 gr,https://images.tokopedia.net/img/cache/500-square/hDjmkQ/2022/1/6/7010792e-2289-4584-831f-4c0ea0d1b1c2.png,bestmeat
Bumbu Racik Indofood Tempe goreng 20 gr,https://images.tokopedia.net/img/cache/500-square/hDjmkQ/2022/1/6/d2f9d7fe-7193-476d-b07f-c9437258bdec.png,bestmeat
Sambal Pedas Dahsyat Indofood 135 gr,https://images.tokopedia.net/img/cache/500-square/hDjmkQ/2022/1/6/88678199-6849-4e79-83aa-fe2bec50d6ab.png,bestmeat
Bumbu Racik Indofood Sayur lodeh 20 gr,https://images.tokopedia.net/img/cache/500-square/hDjmkQ/2022/1/6/83316f2b-e2d8-4a6b-b73a-25d39b629c83.png,bestmeat
Indomie Ayam Bawang Spesial,https://images.tokopedia.net/img/cache/500-square/hDjmkQ/2022/1/6/d1de870d-149c-4409-821d-c237d79a84c8.png,bestmeat
Indomie Soto Mie,https://images.tokopedia.net/img/cache/500-square/hDjmkQ/2022/1/6/a63ebb82-06f4-494e-89bc-1af045fd5275.png,bestmeat
Bumbu Racik Indofood sayur asem 33 gr,https://images.tokopedia.net/img/cache/500-square/hDjmkQ/2022/1/6/48b4d684-6a71-4d0a-8da3-5e499134fa02.png,bestmeat
Indomie Ayam Spesial,https://images.tokopedia.net/img/cache/500-square/hDjmkQ/2022/1/6/10e53581-5cd6-4107-9e95-abb44717abdd.png,bestmeat
Kecap Manis Pouch Indofood 520 gr,https://images.tokopedia.net/img/cache/500-square/hDjmkQ/2022/1/6/b0c258a5-43bc-4b8a-92bd-f488bd606df6.png,bestmeat
Yogurt Greenfields Drink Mango 250 mL BUY 1 GET 1,https://images.tokopedia.net/img/cache/500-square/VqbcmM/2021/11/18/dd5c06d8-74d1-4534-a69a-5fa237d1eafe.jpg,bestmeat
Minyak goreng Delima 2 L,https://images.tokopedia.net/img/cache/500-square/VqbcmM/2021/11/11/a6f15d5f-2ee2-4d7e-8bcf-64e7a50f080f.jpg,bestmeat
Gula Kristal Putih Raja Gula 1000 gr,https://images.tokopedia.net/img/cache/500-square/VqbcmM/2021/11/6/b6e52e9c-4856-407a-9819-65c94e68fa04.png,bestmeat
Garam Konsumsi Dolpin 500 gr,https://images.tokopedia.net/img/cache/500-square/hDjmkQ/2021/10/11/7005ea13-382e-4227-ab91-e3d228a9a892.jpg,bestmeat
Bumbu Racik Indofood Ikan Goreng 20 gr,https://images.tokopedia.net/img/cache/500-square/hDjmkQ/2022/1/6/607534d3-4a3c-4baa-9e09-ddd2c39ec160.png,bestmeat
ABC Saus Tomat 135 mL,https://images.tokopedia.net/img/cache/500-square/hDjmkQ/2021/10/11/c4d164d6-f18f-4f59-9f33-b0f1eeb8d9d2.png,bestmeat
Sambal Bawang Uleg 20 gr x 10,https://images.tokopedia.net/img/cache/500-square/hDjmkQ/2021/10/11/a5bbc0d8-2b76-463b-b39a-800ba88752c1.jpg,bestmeat
Indomie Kari Ayam,https://images.tokopedia.net/img/cache/500-square/hDjmkQ/2022/1/6/f67a368d-d534-4a6d-985e-3a2abf8046af.png,bestmeat
Indomie Goreng Spesial,https://images.tokopedia.net/img/cache/500-square/hDjmkQ/2022/1/6/c6f2facc-b337-43d0-89ab-a31c150fa3eb.png,bestmeat
Sambal Terasi Uleg 20 gr x 10,https://images.tokopedia.net/img/cache/500-square/hDjmkQ/2021/10/11/a4b4f09e-b578-48ed-9a1c-7a221fba0998.jpg,bestmeat
ABC Kecap Manis 135 mL,https://images.tokopedia.net/img/cache/500-square/hDjmkQ/2021/10/11/bcf98bc2-ee1b-4d32-a818-91452f60c4f8.png,bestmeat
ABC Sambal Asli 135 mL,https://images.tokopedia.net/img/cache/500-square/hDjmkQ/2021/10/11/4a82dc2f-8c03-415c-9c92-30c88f8ea2c1.png,bestmeat
ABC Sambal Extra Pedas 135 mL,https://images.tokopedia.net/img/cache/500-square/hDjmkQ/2021/10/11/4fac0c45-8cc8-4ede-9e88-ebc05ee91f15.png,bestmeat
Bundling ayam utuh 0.8kg & Ikan tongkol 250 gr,https://images.tokopedia.net/img/cache/500-square/VqbcmM/2021/12/22/4ab952fc-2d8f-46b1-8416-8c44fbe031a4.png,bestmeat
ABC Sambal Ayam Goreng 135 mL,https://images.tokopedia.net/img/cache/500-square/hDjmkQ/2021/10/11/3c220b45-e672-4e6a-9214-9f75a907198b.png,bestmeat
Dosuka Crispy Burger 325 gr,https://images.tokopedia.net/img/cache/500-square/VqbcmM/2021/9/20/8e48ea60-867b-4903-9825-82e6fe99a1df.png,bestmeat
Saus Cabe Dua Belibis 340 mL BUY 1 GET 1 FREE,https://images.tokopedia.net/img/cache/500-square/hDjmkQ/2021/8/11/f6ef1ee7-40b4-4681-a5e1-b1ebde0a2dec.jpg,bestmeat
Tepung Bumbu Putih 210 gr,https://images.tokopedia.net/img/cache/500-square/hDjmkQ/2021/9/11/2a40ee43-8df1-4fbc-a2c8-437fd5dffaf2.jpg,bestmeat
Saus Cabe Dua Belibis Sachet 18 gr x 10 pcs,https://images.tokopedia.net/img/cache/500-square/hDjmkQ/2021/9/11/f584ae10-952b-41f9-ba3b-235fa6bfeef9.jpg,bestmeat
Bumbu Soto Ayam - Dapur Ijah 50 gr,https://images.tokopedia.net/img/cache/500-square/hDjmkQ/2021/9/11/d6c53295-5b57-4b89-8e6b-4f91e69a56ad.jpg,bestmeat
Hati Ayam Bersih 500 gr,https://images.tokopedia.net/img/cache/500-square/hDjmkQ/2021/9/11/aea35d58-0c23-4d6a-9ae6-ca44dfd86cd7.jpg,bestmeat
Bundling Ayam Potong Bumbu Betutu 500 gr x 2 pcs,https://images.tokopedia.net/img/cache/500-square/VqbcmM/2021/10/15/d3777a7c-907c-48f5-917b-c160c945bdfa.jpg,bestmeat
Bundling Dosuka Spicy Chick 500 gr x 2 pcs,https://images.tokopedia.net/img/cache/500-square/VqbcmM/2021/10/15/0472ae89-6c3f-4b79-86ca-4dd9115969fe.jpg,bestmeat
Bundling Nugget Ayam Stik Dosuka 250 gr x 2 pcs,https://images.tokopedia.net/img/cache/500-square/hDjmkQ/2021/9/4/bee1761e-c63e-4bd7-b856-bafb467fc81f.jpg,bestmeat
Bundling Dosuka Spicy Wings 500 gr x 2 pcs,https://images.tokopedia.net/img/cache/500-square/VqbcmM/2021/10/15/b6dc62b6-b8f5-4161-8f84-bfd3264c8f98.jpg,bestmeat
Saus Cabe Dua Belibis 340 mL,https://images.tokopedia.net/img/cache/500-square/hDjmkQ/2021/8/11/f6ef1ee7-40b4-4681-a5e1-b1ebde0a2dec.jpg,bestmeat
Bundling Nugget Ayam Dosuka 250 gr x 2 pcs,https://images.tokopedia.net/img/cache/500-square/VqbcmM/2021/1/29/cd88d01e-e273-43ce-b612-5431c2ae4bf1.jpg,bestmeat
Saus Cabe Dua Belibis 535 mL,https://images.tokopedia.net/img/cache/500-square/hDjmkQ/2021/8/11/31b050b8-208e-402f-a4b3-9dce58fe383e.jpg,bestmeat
Lada Putih Bubuk Sachet,https://images.tokopedia.net/img/cache/500-square/hDjmkQ/2021/8/11/18515665-b24c-4452-97bb-4db7e42a21c8.jpg,bestmeat
ABC Saus Tiram 135 mL,https://images.tokopedia.net/img/cache/500-square/hDjmkQ/2021/10/11/f88ff347-7975-4368-b55a-bd4b4397cee3.png,bestmeat
ABC Kecap Inggris 195 mL,https://images.tokopedia.net/img/cache/500-square/hDjmkQ/2021/10/11/bbe753f8-92e4-479b-94cc-61f2c85aeaa5.png,bestmeat
Yogurt Greenfields Drink Mango 250 mL x 3 pcs,https://images.tokopedia.net/img/cache/500-square/VqbcmM/2021/7/27/0ccccb36-b040-4ac3-9004-631ae8dcf23b.jpg,bestmeat
Air mineral Prima Botol Pet 600 mL (24 pcs),https://images.tokopedia.net/img/cache/500-square/VqbcmM/2021/7/31/9e7374ec-3c68-42b0-9fb1-80a414cf59ee.jpg,bestmeat
Siomay Udang Seafood Lovers 250 gr,https://images.tokopedia.net/img/cache/500-square/VqbcmM/2021/7/7/bce39a8b-d70f-4aa1-8ec5-57c89e242323.jpg,bestmeat
Yogurt Greenfields Drink Peach 250 mL x 3 pcs,https://images.tokopedia.net/img/cache/500-square/VqbcmM/2021/7/28/791949bc-8bc5-41d4-9ae3-3fb672b2f368.jpg,bestmeat
Yogurt Greenfields Drink Mango 250 mL,https://images.tokopedia.net/img/cache/500-square/VqbcmM/2021/7/9/bd734e71-28d4-406b-be58-7d89432580cc.jpg,bestmeat
Bundling Susu Greenfields UHT Skimmed 1000 mL x 3,https://images.tokopedia.net/img/cache/500-square/VqbcmM/2021/6/29/f9059254-9c3d-49a4-a66b-a040f6744b0a.jpg,bestmeat
Paket Hemat Bakso Ayam Dosuka 500 gr x 2 pcs,https://images.tokopedia.net/img/cache/500-square/VqbcmM/2021/7/1/fe0d8f98-44c5-4815-b7e3-4f53e21b3867.jpg,bestmeat
Country Choice Juice Jeruk 250 mL,https://images.tokopedia.net/img/cache/500-square/hDjmkQ/2021/6/22/2f49de11-d278-42a6-8945-fa2078d249be.jpg,bestmeat
Country Choice Juice Mangga 250 mL,https://images.tokopedia.net/img/cache/500-square/hDjmkQ/2021/6/22/f3293882-6497-4a85-8260-8b77435e9eab.jpg,bestmeat
Kaldu Ayam Totole 100 gr,https://images.tokopedia.net/img/cache/500-square/hDjmkQ/2021/6/22/a30af2ae-dc49-419c-8535-69b8a5bc62ec.jpg,bestmeat
Susu UHT Skimmed Greenfields (12 pcs1 Karton),https://images.tokopedia.net/img/cache/500-square/VqbcmM/2021/6/28/c9b76061-8794-47a0-a8cb-075d797c1ef5.jpg,bestmeat
Susu Greenfields UHT Skimmed 1 L,https://images.tokopedia.net/img/cache/500-square/VqbcmM/2021/12/6/9774aac4-46ce-4243-ba67-b5dcc5d5cd06.png,bestmeat
Susu Greenfields UHT Low Fat 1 L - Isi 6pcs,https://images.tokopedia.net/img/cache/500-square/VqbcmM/2021/11/15/5b9ed7a7-8bcf-4d97-a1f3-9016908ed90f.jpg,bestmeat
Susu Greenfields UHT Choco Malt 1 L - Isi 6pcs,https://images.tokopedia.net/img/cache/500-square/VqbcmM/2021/11/15/ab385844-b618-4f6e-8b36-93d48448880f.jpg,bestmeat
Tebs Sparkling Soda Pet 500mL,https://images.tokopedia.net/img/cache/500-square/hDjmkQ/2021/6/22/2b8f0226-fb84-44cf-ae5d-1cab0c206dbe.jpg,bestmeat
Ceker Ayam (Kotor) 1 kg,https://images.tokopedia.net/img/cache/500-square/VqbcmM/2021/6/10/eaf599f7-483f-4a40-a5d5-bdbb9b4a5d79.jpg,bestmeat
Bundling Ayam Utuh 0.8 kg x 2 pcs,https://images.tokopedia.net/img/cache/500-square/VqbcmM/2021/6/7/449a632a-9230-4b3f-b1cc-0929893c8f2e.jpg,bestmeat
Hati Ampela (Kotor) 1 kg,https://images.tokopedia.net/img/cache/500-square/VqbcmM/2021/6/10/d8086dd3-7672-4c5b-80e9-d1909f02b131.jpg,bestmeat
Bumbu Sop Dapur Ijah 50 gr,https://images.tokopedia.net/img/cache/500-square/VqbcmM/2021/6/4/3e91e0bc-007a-4b37-a708-1c0bdc84efc8.jpg,bestmeat
Paket Hemat Seafood Lovers Otak-otak dan Siomay 500 gr,https://images.tokopedia.net/img/cache/500-square/VqbcmM/2021/6/7/a997e3d9-a297-44c8-b55c-ed410ec74a77.jpg,bestmeat
Bumbu Semur Dapur Ijah 50 gr,https://images.tokopedia.net/img/cache/500-square/VqbcmM/2021/6/4/554e4463-7e6e-4410-9fc0-27e7358822e5.jpg,bestmeat
Susu Greenfields UHT Full Cream 1 L - Isi 6 pcs,https://images.tokopedia.net/img/cache/500-square/VqbcmM/2021/11/15/bdd7270b-380f-4c7e-875a-3e7a0eed00f6.jpg,bestmeat
Bumbu Opor Dapur Ijah 50 gr,https://images.tokopedia.net/img/cache/500-square/VqbcmM/2021/6/4/0f14d9e0-d8c5-4c86-b48a-eb050fc52839.jpg,bestmeat
Paket Hemat Seafood Lovers Otak-otak dan Bakso Udang 500 gr,https://images.tokopedia.net/img/cache/500-square/VqbcmM/2021/6/3/25c44af6-e5bb-462c-8555-0d3e821e40ea.jpg,bestmeat
Bumbu Gulai Dapur Ijah 50 gr,https://images.tokopedia.net/img/cache/500-square/VqbcmM/2021/6/4/9751c4ea-d0d2-48a8-a344-59e112d422a3.jpg,bestmeat
Susu Greenfields UHT Low Fat 1000 mL (12 pcs 1 Karton),https://images.tokopedia.net/img/cache/500-square/VqbcmM/2021/11/15/aa956603-f59c-4137-bd0d-220cf01751f8.jpg,bestmeat
Ayam Potong Bumbu Betutu 500 gr,https://images.tokopedia.net/img/cache/500-square/VqbcmM/2021/5/11/00254ccc-38af-4c13-b9e1-c60486d24ca4.jpg,bestmeat
Nugget Ayam Stik 250 gr,https://images.tokopedia.net/img/cache/500-square/VqbcmM/2021/1/29/11a31955-446e-4c97-b21f-b6a21cce99a7.jpg,bestmeat
Nugget Ayam Dosuka 250 gr,https://images.tokopedia.net/img/cache/500-square/VqbcmM/2021/1/29/cd88d01e-e273-43ce-b612-5431c2ae4bf1.jpg,bestmeat
Paket Steamboat Seafood Lovers 1000 gr,https://images.tokopedia.net/img/cache/500-square/VqbcmM/2021/6/7/8b44f50c-1a66-4503-af90-68291428290a.jpg,bestmeat
Bundling Susu Greenfields UHT Low Fat  Rendah Lemak 1000 mL x 3,https://images.tokopedia.net/img/cache/500-square/VqbcmM/2021/5/25/2fac65d3-7a62-4d65-8ad3-7fbfddedabac.png,bestmeat
Bundling Greenfields Yogurt Peach 250 mL Buy 1 Get 1,https://images.tokopedia.net/img/cache/500-square/VqbcmM/2021/7/28/3dc6caba-48b9-4da0-a9c7-367683d39f3e.jpg,bestmeat
Bundling Sosis Premium Original So Good 300 gr Buy 1 Get 1,https://images.tokopedia.net/img/cache/500-square/VqbcmM/2020/11/20/453b0b09-8dec-45dc-924e-db65534bacb0.jpg,bestmeat
Bundling Kentang Goreng Frozenland Crincle Cut 500 gr Buy 1 get 1,https://images.tokopedia.net/img/cache/500-square/VqbcmM/2021/12/10/a6be8d3d-e902-47c7-a830-f6a6e47f6f96.jpg,bestmeat
Bundling Nugget Ayam Alphabet So Good 400 gr Buy 1 Get 1,https://images.tokopedia.net/img/cache/500-square/VqbcmM/2021/7/28/4921bf38-9eca-4a25-96c2-2842417d0c15.jpg,bestmeat
Bundling Boncabe Ori Level 15 x 2,https://images.tokopedia.net/img/cache/500-square/VqbcmM/2020/11/20/24126f73-dc3d-4d7f-9c71-5f52961a1e25.jpg,bestmeat
Bundling Boncabe Original Lv 15 & Original Lv 30,https://images.tokopedia.net/img/cache/500-square/VqbcmM/2020/11/19/f0176bec-ce2a-44f1-8beb-2dcf7ed9a1e2.jpg,bestmeat
Bundling Daging Ayam Utuh 1 kg + Kobe Tepung Kentucky Super Crispy,https://images.tokopedia.net/img/cache/500-square/VqbcmM/2020/11/20/1119fab3-a0bd-4628-819c-0758f10e97e5.jpg,bestmeat
Chiken Katsu So Good 400 gr,https://images.tokopedia.net/img/cache/500-square/VqbcmM/2021/2/5/65c7666c-6ba7-4ca9-8950-4181f05d8469.jpg,bestmeat
Bumbu Rawon Dapur Ijah 50 gr,https://images.tokopedia.net/img/cache/500-square/VqbcmM/2021/6/4/2853eef9-7e41-4ca7-9d28-5a9456420b60.jpg,bestmeat
Jetz Nugget So Good 400 gr - Nugget Anak Bentuk Pesawat,https://images.tokopedia.net/img/cache/500-square/VqbcmM/2021/4/27/2f382d7b-f61a-4f72-a5f8-7f85d6e5f24e.jpg,bestmeat
Garam Meja Samatrah 500 gr,https://images.tokopedia.net/img/cache/500-square/VqbcmM/2021/5/7/9f431155-ed4a-43ee-af6c-e8b1e94ff14c.jpg,bestmeat
Kentang Goreng Frozenland Straigt Cut 500 gr,https://images.tokopedia.net/img/cache/500-square/VqbcmM/2021/3/24/6805c277-62ae-446c-aad7-390cfdcefa72.jpg,bestmeat
Daging Ikan Unagi Kabayaki 100 gr,https://images.tokopedia.net/img/cache/500-square/VqbcmM/2021/3/2/69408c98-0bc0-4e56-af3b-93a5c1edb05f.jpg,bestmeat
Bakso Dosuka 500 gr,https://images.tokopedia.net/img/cache/500-square/hDjmkQ/2021/1/30/fcda4172-fc00-40b4-a97d-8fea6328cedc.png,bestmeat
Sosis Ayam Premio Ballsis 500 gr,https://images.tokopedia.net/img/cache/500-square/hDjmkQ/2021/1/30/c3876a39-ed84-4d20-9351-3826f10315bb.png,bestmeat
KOBE Tepung Bumbu Tempe Goreng kriuk 200 gr,https://images.tokopedia.net/img/cache/500-square/VqbcmM/2021/4/1/3a55392b-917c-44cd-a809-ff034f9b0057.jpg,bestmeat
Sosis Ayam Premio Mini Bratwurst 500 gr,https://images.tokopedia.net/img/cache/500-square/VqbcmM/2021/4/1/4658d8f2-fb4f-49f7-abfd-e20879782d15.jpg,bestmeat
Ceker Ayam Bersih 500 gr,https://images.tokopedia.net/img/cache/500-square/hDjmkQ/2021/1/30/c27e2c5b-f218-4c1d-a745-4740d081c021.png,bestmeat
Yogurt Greenfields Drink Peach 250 mL,https://images.tokopedia.net/img/cache/500-square/VqbcmM/2021/2/27/bd8c1a35-ee99-4272-8988-bc30d5086acc.jpg,bestmeat
Kulit Ayam 500 gr,https://images.tokopedia.net/img/cache/500-square/hDjmkQ/2021/1/30/0cb26f1c-2292-45e2-b083-b846e39955a2.png,bestmeat
Karaage So Good 400 gr - Fillet Paha Ayam Pilihan yang Dipadukan denga,https://images.tokopedia.net/img/cache/500-square/VqbcmM/2021/4/27/9a8ed55d-b24f-4964-b7ab-10ed743af8f0.jpg,bestmeat
"Daging Ayam Utuh 0,7 kg",https://images.tokopedia.net/img/cache/500-square/hDjmkQ/2021/1/30/a25c82bc-4be0-4c5f-b6dd-4b75ccd47e8b.png,bestmeat
Mayonnaise Omayo Pedas 180 gr,https://images.tokopedia.net/img/cache/500-square/VqbcmM/2021/4/23/f8bfed9a-da21-4ee3-8346-6f6211e7e5ca.jpg,bestmeat
Daging Ayam Utuh 0.6 kg,https://images.tokopedia.net/img/cache/500-square/hDjmkQ/2021/1/30/473271be-29f5-4a87-a3e4-1519458ad35c.png,bestmeat
Boncabe Ori Level 15,https://images.tokopedia.net/img/cache/500-square/VqbcmM/2021/3/24/144f9278-2e03-4261-8b22-c0e96b757d07.jpg,bestmeat
KOBE Tepung Bumbu Pisang Goreng [210 gr],https://images.tokopedia.net/img/cache/500-square/VqbcmM/2021/4/1/0c5da780-da0b-4e38-9c62-cac9ebf8868b.jpg,bestmeat
Nugget Ayam Animal So Good 400 gr,https://images.tokopedia.net/img/cache/500-square/hDjmkQ/2021/1/30/29466a0b-83d8-4056-a2e1-1e049cbe2bf7.jpg,bestmeat
Bundling Dada Ayam Fillet 500 gr x 2 pcs,https://images.tokopedia.net/img/cache/500-square/VqbcmM/2021/7/7/8e8a6bd0-e5e4-42c5-9e9e-ecac1f36ab79.jpg,bestmeat
Kentang Goreng Frozenland Crincle Cut 500 gr,https://images.tokopedia.net/img/cache/500-square/VqbcmM/2021/3/24/a656f59c-2f79-407e-a2d6-7108790297b4.jpg,bestmeat
Boncabe Ori Level 30,https://images.tokopedia.net/img/cache/500-square/VqbcmM/2021/3/24/e68f25c6-4291-4821-807f-9ecf8ea5976c.jpg,bestmeat
Susu Greenfields UHT Coklat 1000 mL (12 PCS 1 KARTON),https://images.tokopedia.net/img/cache/500-square/VqbcmM/2021/11/15/2e1c0345-4b92-4a07-8264-0ae4e385977e.jpg,bestmeat
Minced  Daging Ayam Giling 500 gr,https://images.tokopedia.net/img/cache/500-square/hDjmkQ/2021/1/30/2f4f67d3-d1ba-475f-9deb-b5ebf1b0896b.png,bestmeat
Bundling Paha Ayam Fillet x 2 pcs,https://images.tokopedia.net/img/cache/500-square/VqbcmM/2021/12/10/a2e3405a-707b-4179-b831-2785b5e7470f.jpg,bestmeat
Daging Ayam Potong Bumbu Kuning Best Chicken 500 gr,https://images.tokopedia.net/img/cache/500-square/hDjmkQ/2021/1/30/b296ef01-a89a-487b-b587-115382f05d9c.png,bestmeat
Bundling Ayam Utuh 1 kg x 2 pcs,https://images.tokopedia.net/img/cache/500-square/VqbcmM/2021/6/7/893ede35-751d-4fcf-9a1d-acc3233e8f2c.jpg,bestmeat
Bakso Ayam Kuah Halal So Good 120 gr,https://images.tokopedia.net/img/cache/500-square/hDjmkQ/2021/1/30/b1c92a8d-2220-47f6-adf1-c080f92491ff.jpg,bestmeat
Daging Ayam Utuh 0.9 kg,https://images.tokopedia.net/img/cache/500-square/hDjmkQ/2021/1/30/37a75264-6b6e-4f7e-89fd-ee2773c45358.png,bestmeat
Bundling Greenfields Chocomalt [1000 mL x 3 pcs],https://images.tokopedia.net/img/cache/500-square/VqbcmM/2021/4/5/0c14bb36-3a6c-462d-b662-e11ea324c7e4.jpg,bestmeat
Susu Greenfields UHT Full Cream 1000 mL (12 pcs1Karton),https://images.tokopedia.net/img/cache/500-square/VqbcmM/2021/11/15/e36c9581-7a8e-4d49-98ff-b0b28474c9fb.jpg,bestmeat
Sosis Ayam Dosuka 300 gr,https://images.tokopedia.net/img/cache/500-square/hDjmkQ/2021/1/30/e9aa06b5-812e-4f38-80ef-bc5f70cac6f1.png,bestmeat
Kobe Tepung Bumbu Serba Guna 210gr,https://images.tokopedia.net/img/cache/500-square/VqbcmM/2021/5/19/764ff805-f2d9-4503-b39c-6d61dd83d2c8.jpg,bestmeat
Bundling Bakso Sapi Kuah Halal So Good 120 gr (3pcs),https://images.tokopedia.net/img/cache/500-square/product-1/2020/8/23/100193100/100193100_104ecfaa-bc16-49a7-a20f-734571bfc176_1000_1000,bestmeat
Otak-Otak Ala singapore Seafood Lovers 250 gr,https://images.tokopedia.net/img/cache/500-square/VqbcmM/2021/4/7/66d35a93-5612-42e8-893e-716a87f188c0.jpg,bestmeat
Bakso Udang Seafood Lovers 250 gr,https://images.tokopedia.net/img/cache/500-square/VqbcmM/2021/4/7/e75225f0-c6d9-47f4-93d5-bd875de84415.jpg,bestmeat
Ayam Potong berbumbu Spicy Chick Dosuka 500 gr,https://images.tokopedia.net/img/cache/500-square/hDjmkQ/2021/1/30/e305f962-e658-4c25-add1-7b72c32656a3.png,bestmeat
Bakso Ikan Pedas Seafood Lovers 250 gr,https://images.tokopedia.net/img/cache/500-square/VqbcmM/2021/4/7/8e6576e5-7f2d-4607-86ae-b1b8222268be.jpg,bestmeat
Ayam Potong Berbumbu Spicy wings Dosuka 500 gr,https://images.tokopedia.net/img/cache/500-square/hDjmkQ/2021/1/30/c98bd0bb-5e85-4f5b-9f43-9ef6a705d4d5.png,bestmeat
Ampela Ayam Bersih 500 gr,https://images.tokopedia.net/img/cache/500-square/hDjmkQ/2021/1/30/05dbadf3-0282-491a-9b02-db07295204b0.png,bestmeat
Kentang Goreng Frozenland Shoestring 500 gr,https://images.tokopedia.net/img/cache/500-square/VqbcmM/2021/3/24/16e73ba2-07b9-49bf-9685-d6c72c56aee2.jpg,bestmeat
Fillet Dada Ayam tanpa tulang tanpa kulit 500 gr,https://images.tokopedia.net/img/cache/500-square/hDjmkQ/2021/1/30/68afcefb-e080-46b7-8a25-20a3ff156235.png,bestmeat
Nugget Ayam Tora Duo 500 gr,https://images.tokopedia.net/img/cache/500-square/hDjmkQ/2021/1/30/47eb9849-8c7a-48d8-b690-c3490f91eb60.png,bestmeat
Nugget Alphabet So Good 400 gr,https://images.tokopedia.net/img/cache/500-square/VqbcmM/2021/4/1/fe5f097c-3219-40d7-8f4e-47d9b17720ae.jpg,bestmeat
Beras Ayana 5kg,https://images.tokopedia.net/img/cache/500-square/hDjmkQ/2021/1/30/87439aed-c09c-41ad-a3e9-7f397c98a004.jpg,bestmeat
Paket Hemat Susu Greenfields UHT Full Cream 1 L,https://images.tokopedia.net/img/cache/500-square/VqbcmM/2021/4/5/5b7d8f20-70ea-4154-a6ea-1c0291c45054.jpg,bestmeat
Siomay Seafood Lovers 250 gr,https://images.tokopedia.net/img/cache/500-square/VqbcmM/2021/4/7/1d3e80ae-c158-48e1-92f9-c6fd99d9e2c9.jpg,bestmeat
Otak-otak Seafood Lovers 250 gr,https://images.tokopedia.net/img/cache/500-square/VqbcmM/2021/4/7/f5475061-d15a-4d95-97bd-f30fd22c4e1e.jpg,bestmeat
Nugget Shrimp Popcorn Seafood Lovers 160 gr,https://images.tokopedia.net/img/cache/500-square/VqbcmM/2021/4/7/e2283363-c542-48f3-a332-dd23b0c6dbf1.jpg,bestmeat
Bakso Ikan Premium Seafood Lovers 250 gr,https://images.tokopedia.net/img/cache/500-square/VqbcmM/2021/4/7/2c67aa2e-2098-4031-831b-d197f9222f12.jpg,bestmeat
Bundling Dosuka Spicy Chick & Spicy Wings,https://images.tokopedia.net/img/cache/500-square/product-1/2020/7/27/100193100/100193100_0a29b5f6-2227-41bc-ba81-721647405ab0_600_600,bestmeat
Susu Greenfields UHT Strawberry 200 mL,https://images.tokopedia.net/img/cache/500-square/VqbcmM/2021/7/27/30b65eaf-c478-4cb0-a317-f35209b35a3d.jpg,bestmeat
Susu Greenfields UHT Choco Malt 200 mL,https://images.tokopedia.net/img/cache/500-square/VqbcmM/2021/7/23/4e6c0024-6152-4e4a-ad89-5508e7bd17fc.jpg,bestmeat
Bakso Sapi Kuah Halal So Good 120 gr,https://images.tokopedia.net/img/cache/500-square/hDjmkQ/2021/1/30/0f33b838-44aa-4a93-aa68-eb551eede6c1.jpg,bestmeat
Paha Dada Bumbu Kuning So Good 450 gr,https://images.tokopedia.net/img/cache/500-square/hDjmkQ/2021/1/30/a2afb17b-ac1a-4e44-a076-879ba5584b79.png,bestmeat
Susu Greenfields UHT Full Cream 200 mL,https://images.tokopedia.net/img/cache/500-square/VqbcmM/2021/7/23/2eba70a3-cbb3-4a70-bdd1-6c7c2a08dea9.jpg,bestmeat
Ebi Panko So Good 180 gr,https://images.tokopedia.net/img/cache/500-square/hDjmkQ/2021/1/30/a25db709-5b9b-4b47-9171-43a25328845e.jpg,bestmeat
Bakso Ikan Seafood Lovers 250 gr,https://images.tokopedia.net/img/cache/500-square/VqbcmM/2021/4/7/539943d5-6a58-4aea-9a40-f4ed7e4f3927.jpg,bestmeat
Ayam Potong Berbumbu Spicy Wing So Good 400 gr,https://images.tokopedia.net/img/cache/500-square/hDjmkQ/2021/1/30/4a4c2b4d-b155-48f4-abb9-9ded7c79bcd7.jpg,bestmeat
Nugget Ayam Dinobites So Good 400 gr,https://images.tokopedia.net/img/cache/500-square/VqbcmM/2021/4/1/abab4470-d5c7-4648-8227-7c64cc639411.jpg,bestmeat
Sosis Premium Original So Good 300 gr,https://images.tokopedia.net/img/cache/500-square/hDjmkQ/2021/1/30/99f706f9-577d-4c16-8bd8-e0e90c2ad695.jpg,bestmeat
Bakso Sapi Wagyu Santori 350 gr,https://images.tokopedia.net/img/cache/500-square/hDjmkQ/2021/1/30/ddc5cc59-191e-4998-9c22-8014c686380b.jpg,bestmeat
Bumbu Pazar Ayam Goreng Kalasan Sachet 40 gr,https://images.tokopedia.net/img/cache/500-square/VqbcmM/2021/3/24/bce338d7-c418-4c5e-812c-b12b7dcd9070.jpg,bestmeat
Susu Greenfields UHT Coklat 200 mL (isi 24 pcs),https://images.tokopedia.net/img/cache/500-square/VqbcmM/2021/7/27/95f93cf5-95ef-4b83-8b15-4e45d7fdc4c4.jpg,bestmeat
Paha Dada Pedas Manis So Good 450 gr,https://images.tokopedia.net/img/cache/500-square/hDjmkQ/2021/1/30/bae66935-ec24-412a-9588-0b6e1ab1e828.png,bestmeat
Susu Greenfields UHT Full Cream 1 Lt,https://images.tokopedia.net/img/cache/500-square/VqbcmM/2021/4/5/b292992c-f9f3-4440-8071-a153a3492850.jpg,bestmeat
Susu Greenfields UHT Strawberry 200 mL (isi 24 pcs),https://images.tokopedia.net/img/cache/500-square/VqbcmM/2021/7/27/e358bf5a-b58a-401f-a002-b99cc053474c.jpg,bestmeat
Sosis Ayam Premio Blackpepper 500 gr,https://images.tokopedia.net/img/cache/500-square/hDjmkQ/2021/1/30/b8f81993-bdf8-42be-833b-1f9f43aee4b9.png,bestmeat
Susu Greenfields UHT Coklat 1000 mL (1 Liter),https://images.tokopedia.net/img/cache/500-square/VqbcmM/2021/3/23/9d1ee61f-4429-4908-8690-acd403348fbe.png,bestmeat
Susu Greenfields UHT Low Fat  Rendah Lemak 1000 mL (1 Liter),https://images.tokopedia.net/img/cache/500-square/VqbcmM/2021/5/3/a0f60496-1bb4-45d7-b317-14abb7497ff6.jpg,bestmeat
Sosis Ayam Premio Original 500 gr,https://images.tokopedia.net/img/cache/500-square/hDjmkQ/2021/1/30/d09367c7-f185-4095-ab51-4d7aac0fc55a.png,bestmeat
Ayam Paha Utuh 500 gr,https://images.tokopedia.net/img/cache/500-square/hDjmkQ/2021/1/30/acccd5ed-6f4f-46b6-9497-4946a7449156.png,bestmeat
Susu Greenfields UHT Full Cream 200 mL (isi 24 pcs),https://images.tokopedia.net/img/cache/500-square/VqbcmM/2021/7/27/9cc4bf39-574b-43df-9d77-2fba5760ea4c.jpg,bestmeat
Sayap Ayam  Chicken Wings 500 gr,https://images.tokopedia.net/img/cache/500-square/hDjmkQ/2021/1/30/56fd47de-3474-47bd-bad3-ac77c8364896.png,bestmeat
Ayam Paha Atas 500 gr,https://images.tokopedia.net/img/cache/500-square/hDjmkQ/2021/1/30/cf0f3b69-d1e0-4c9f-a838-45ea1ba214a5.png,bestmeat
Ayam Paha Bawah (Drumstick) 500 gr,https://images.tokopedia.net/img/cache/500-square/hDjmkQ/2021/1/30/08172076-c398-4c80-9b0d-5d5b7c8b9277.png,bestmeat
Daging Ayam Utuh 0.8 kg,https://images.tokopedia.net/img/cache/500-square/hDjmkQ/2021/1/30/29ef19fe-ec9c-4b89-be01-340c6b6a0e81.png,bestmeat
Bakso Ikan 250 gr BUY 2 GET 1 FREE,https://images.tokopedia.net/img/cache/500-square/VqbcmM/2021/12/20/880d5c15-4d2e-4fe7-9149-db83ba5996e8.jpg,bestmeat
Daging Ayam Utuh 1 kg,https://images.tokopedia.net/img/cache/500-square/hDjmkQ/2021/1/30/7c1cc4c8-df4d-4cab-8493-7abce5cfdcbe.png,bestmeat
PEMPEK IKAN SEAFOOD LOVERS 250 gr BUY 2 GET 1 FREE,https://images.tokopedia.net/img/cache/500-square/VqbcmM/2021/12/20/738f8a76-a7b1-47e8-8386-7a07746ae88a.png,bestmeat
Saus cabe Dua Belibis sachet 9gr x 24 BUY 2 GET 1 FREE,https://images.tokopedia.net/img/cache/500-square/VqbcmM/2021/11/15/fb8259a6-220e-4682-a1a2-ad58e29805a7.jpg,bestmeat
Bumbu Soto Ayam Dapur Ijah 50 gr (Buy 2 Get 1 Free),https://images.tokopedia.net/img/cache/500-square/VqbcmM/2021/12/17/2f338da0-b504-4065-af5f-3fa2d549a835.jpg,bestmeat
Telur Ayam Omega So Good 10 Butir,https://images.tokopedia.net/img/cache/500-square/VqbcmM/2021/11/16/6aebed30-1836-4e2c-aebf-cee048fc5115.jpg,bestmeat
OTAK - OTAK SEAFOOD LOVERS 250 gr BUY 2 GET 1 FREE,https://images.tokopedia.net/img/cache/500-square/VqbcmM/2021/12/20/4d6a8e8d-6772-4bd8-8f14-f86f2da52f09.png,bestmeat
Garam Konsumsi Dolpin 250 gr,https://images.tokopedia.net/img/cache/500-square/hDjmkQ/2021/10/11/7a9a2b8a-d745-4d36-9ac7-b1beb72a5e3a.jpg,bestmeat
Sambal Terasi Dua Belibis Sachet 15gr x 2pcs BUY 1 GET 1 FREE,https://images.tokopedia.net/img/cache/500-square/VqbcmM/2021/12/9/914b4a68-2b07-460f-94f0-97b6694eb468.png,bestmeat
Beras Premium Rania 5 kg,https://images.tokopedia.net/img/cache/500-square/VqbcmM/2021/9/27/1480e6f2-85b0-436e-9c07-0c162a267319.png,bestmeat
Bumbu Sop Dapur Ijah 50 gr BUY 1 GET 1 FREE,https://images.tokopedia.net/img/cache/500-square/hDjmkQ/2021/9/16/abfe9dbf-c521-42d5-a432-27af11c1788e.jpg,bestmeat
Bumbu Opor Dapur Ijah 50 gr BUY 1 GET 1 FREE,https://images.tokopedia.net/img/cache/500-square/hDjmkQ/2021/9/16/280531b2-530e-4b3d-b7c0-7106f8cc7bab.jpg,bestmeat
Bumbu Gulai Dapur Ijah 50 gr BUY 1 GET 1 FREE,https://images.tokopedia.net/img/cache/500-square/hDjmkQ/2021/9/16/74a7c070-191e-46a2-8591-1ed4a80598a5.jpg,bestmeat
Bumbu Rawon Dapur Ijah 50 gr BUY 1 GET 1 FREE,https://images.tokopedia.net/img/cache/500-square/hDjmkQ/2021/9/16/9e6acf70-c9cc-4183-a7e6-2d1bdcc94c64.jpg,bestmeat
Minyak Goreng Kunci Mas 2 Liter,https://images.tokopedia.net/img/cache/500-square/hDjmkQ/2021/10/11/a654e2e3-26c8-4424-abbc-b0ba426de052.png,bestmeat
Bawang Goreng Brebes Bawangkoe 100 gr BUY 1 GET 1 FREE,https://images.tokopedia.net/img/cache/500-square/hDjmkQ/2021/9/16/ffc58809-b330-481e-9715-ca93b5e6ed22.jpg,bestmeat
Daging Saikoro Wagyu 500 gr,https://images.tokopedia.net/img/cache/500-square/hDjmkQ/2021/9/14/9e21fdb1-747f-4594-8210-8cc8176bb3a5.png,bestmeat
Daging Sapi Slice 250 gr,https://images.tokopedia.net/img/cache/500-square/hDjmkQ/2021/9/14/b3e4e0e0-0f1e-4893-aa18-5f47ad71d6a9.png,bestmeat
Daging Sapi Potongan Rendang 500 gr,https://images.tokopedia.net/img/cache/500-square/hDjmkQ/2021/9/14/b734f3f7-31e7-496b-b8f7-51f4ecbad625.png,bestmeat
Teh Botol Sosro 350 mL,https://images.tokopedia.net/img/cache/500-square/VqbcmM/2021/9/11/1a1f9200-de4c-47f8-8097-390236faf731.jpg,bestmeat
Bumbu Semur Dapur Ijah 50 gr BUY 1 GET 1 FREE,https://images.tokopedia.net/img/cache/500-square/hDjmkQ/2021/9/16/ef3bf009-3205-482c-9108-afc6a8ddef46.jpg,bestmeat
Nugget Stick Tora Dua 500 gr,https://images.tokopedia.net/img/cache/500-square/hDjmkQ/2021/9/11/7f61f9ae-e521-4f92-9899-d3b5e99bb617.jpg,bestmeat
Fillet Paha Ayam tanpa tulang tanpa kulit 500 gr,https://images.tokopedia.net/img/cache/500-square/VqbcmM/2021/4/27/ce9b1e18-2d5f-4df5-9e0d-ed7203543cf8.jpg,bestmeat
Susu Greenfields UHT Strawberry 125 mL,https://images.tokopedia.net/img/cache/500-square/VqbcmM/2021/9/11/4b2370bc-c7e3-47f0-9928-7b5a4c6a48c6.jpg,bestmeat
Paket Krispy,https://images.tokopedia.net/img/cache/500-square/VqbcmM/2021/9/8/113ce600-6044-4971-a757-03e694ee6c5d.jpg,bestmeat
Bundling Ayam Potong Bumbu Kuning 500 gr x 2 pcs,https://images.tokopedia.net/img/cache/500-square/VqbcmM/2021/10/15/c3ebf4c2-4d76-46e4-94c8-ea9b17bae4d6.jpg,bestmeat
Bundling Nugget Ayam Koin Dosuka 250 gr x 2 pcs,https://images.tokopedia.net/img/cache/500-square/hDjmkQ/2021/9/4/142b9f82-5478-4eb2-adbb-19f85abc350d.jpg,bestmeat
Nugget Stick Tora Dua 250 gr,https://images.tokopedia.net/img/cache/500-square/hDjmkQ/2021/9/11/3a42a02e-617c-4689-a1ec-577eeeb9c095.jpg,bestmeat
Paket September Ceria 2,https://images.tokopedia.net/img/cache/500-square/VqbcmM/2021/9/2/1fbafa4b-cb65-4385-bc6e-c6e3929c1ab1.png,bestmeat
Paket 76,https://images.tokopedia.net/img/cache/500-square/hDjmkQ/2021/8/13/34e3de0d-76a3-409d-9834-2eec5d1c1ac6.jpg,bestmeat
Paket Merdeka,https://images.tokopedia.net/img/cache/500-square/hDjmkQ/2021/8/13/6699a6be-0c34-49b9-9ef0-3b8115302dfa.png,bestmeat
Paket 45 A,https://images.tokopedia.net/img/cache/500-square/hDjmkQ/2021/8/13/4fcd5892-98e3-4899-b207-95243e1121eb.jpg,bestmeat
Minyak Goreng Sunco 2 L,https://images.tokopedia.net/img/cache/500-square/hDjmkQ/2021/8/11/96f7624f-f1ff-41e6-99c6-1974822d1cc5.jpg,bestmeat
Bakso Ayam Tora Duo 250 gr,https://images.tokopedia.net/img/cache/500-square/hDjmkQ/2021/9/11/d4cc559f-bfdc-4b4e-883c-ab8e64e7fd7e.jpg,bestmeat
Saus Cabe Dua Belibis 135 mL,https://images.tokopedia.net/img/cache/500-square/hDjmkQ/2021/8/11/0dc63bed-053c-4760-a61b-6ed94525cdca.jpg,bestmeat
Fruit Tea Freeze 350 mL,https://images.tokopedia.net/img/cache/500-square/VqbcmM/2021/8/9/031d4a5e-ba82-4518-b5b3-45ba9642d2ac.jpg,bestmeat
Fruit Tea Apel 350 mL,https://images.tokopedia.net/img/cache/500-square/VqbcmM/2021/8/9/a60221f1-d004-44ef-a0a7-3fc47332b623.jpg,bestmeat
Fruit Tea Blackcurrant 350 mL,https://images.tokopedia.net/img/cache/500-square/VqbcmM/2021/8/9/f5c0d022-ef87-46e5-b6e8-d16fa01adf52.jpg,bestmeat
Tehbotol Sosro Tawar 350 mL,https://images.tokopedia.net/img/cache/500-square/hDjmkQ/2021/8/11/25824918-c86b-4b24-9d60-563b8cfeb3cd.jpg,bestmeat
Sambal Terasi Dua Belibis Sachet 15 gr x 10,https://images.tokopedia.net/img/cache/500-square/hDjmkQ/2021/8/11/d669d913-02c2-48f8-a7f1-840880a71845.jpg,bestmeat
Saus Cabe Dua Belibis Sachet,https://images.tokopedia.net/img/cache/500-square/hDjmkQ/2021/8/11/2d737fca-8c8c-4c72-9fa1-37bf1828a1e3.jpg,bestmeat
Garam Meja Samatrah 200 gr,https://images.tokopedia.net/img/cache/500-square/VqbcmM/2021/9/1/00a5a38c-6a73-4ced-b3a6-7bdb174cd25a.jpg,bestmeat
Tepung bumbu marinasi Powder Aja 500 gr,https://images.tokopedia.net/img/cache/500-square/VqbcmM/2021/8/9/e9de9bcb-2443-4958-a409-6a3a0e290182.jpg,bestmeat
Tepung ayam Breader Powder Aja 500 gr,https://images.tokopedia.net/img/cache/500-square/VqbcmM/2021/8/9/cb56a809-5d13-4bb7-a767-d71f485e1264.jpg,bestmeat
Paket Hemat Yogurt Drink 250 mL,https://images.tokopedia.net/img/cache/500-square/VqbcmM/2021/7/30/9284e8ce-09af-48ea-9cf7-10372d545e42.jpg,bestmeat
Paket Jaim A,https://images.tokopedia.net/img/cache/500-square/VqbcmM/2021/7/29/b2276bbb-e3e2-472b-9d92-9a7702951b2f.jpg,bestmeat
Kentang Goreng Shoestring Mydibel 500 gr,https://images.tokopedia.net/img/cache/500-square/VqbcmM/2021/7/31/1f9788ad-3757-48a3-be34-e01eb6aa0a0c.jpg,bestmeat
Kobe Bumbu Ayam Kalasan 35 gr,https://images.tokopedia.net/img/cache/500-square/VqbcmM/2021/7/28/3583d851-4ea0-4fd8-bdce-e1de9bc181e7.jpg,bestmeat
Yogurt Greenfields Drink Lychee 250 mL x 3 pcs,https://images.tokopedia.net/img/cache/500-square/VqbcmM/2021/7/27/a959362f-d529-4489-b43e-980f0d1532e2.jpg,bestmeat
Udang Kupas Premium Seafood Lovers 400 gr,https://images.tokopedia.net/img/cache/500-square/VqbcmM/2021/7/26/3b6bc077-58b9-4afe-9042-6303f12b0f49.jpg,bestmeat
Bumbu Rawon Dapur Ijah 50 gr Buy 2 Get 1 Free,https://images.tokopedia.net/img/cache/500-square/hDjmkQ/2021/7/18/d319be4d-b9c7-45ee-a229-5442abc3090a.jpg,bestmeat
Bumbu Opor Dapur Ijah 50 gr Buy 2 Get 1 Free,https://images.tokopedia.net/img/cache/500-square/hDjmkQ/2021/7/18/1931956d-a988-4788-a0c8-665cbd1eec7e.jpg,bestmeat
Bumbu Gulai Dapur Ijah 50 gr Buy 2 Get 1 Free,https://images.tokopedia.net/img/cache/500-square/hDjmkQ/2021/7/18/5fe1380f-af1e-4437-bf28-8c66bb4f027f.jpg,bestmeat
Yogurt Greenfields Drink Strawberry 250 mL x 3 pcs,https://images.tokopedia.net/img/cache/500-square/VqbcmM/2021/7/31/5bd21aee-80de-4c6f-bb14-f6f010a98ec5.jpg,bestmeat
Daging Ayam Fresh Potong 10 1000 gr,https://images.tokopedia.net/img/cache/500-square/VqbcmM/2021/7/2/6c333187-72d1-412c-a3b2-b8223ec8a301.jpg,bestmeat
Daging Ayam Fresh Potong 8 800 gr,https://images.tokopedia.net/img/cache/500-square/VqbcmM/2021/7/2/fafb516b-d2f8-44fa-93cb-817840170022.jpg,bestmeat
Daging Ayam Utuh Fresh 900 gr,https://images.tokopedia.net/img/cache/500-square/VqbcmM/2021/7/2/8c971a3b-a68f-41eb-a0ec-a4e7cc6eaf55.png,bestmeat
Paket Hemat Bakso Ayam Best Chicken 500 gr x 2 pcs,https://images.tokopedia.net/img/cache/500-square/VqbcmM/2021/7/1/40eb6483-f26a-4f21-a6db-8162ee253be8.jpg,bestmeat
Kaldu Jamur Totole 80 gr,https://images.tokopedia.net/img/cache/500-square/hDjmkQ/2021/6/22/835a2000-9f4f-471d-bb29-a7556e162387.jpg,bestmeat
Shrimp Tempura Seafood Lovers 240 gr,https://images.tokopedia.net/img/cache/500-square/VqbcmM/2021/7/26/119298f3-4bce-43dd-93da-3a94d68766d9.jpg,bestmeat
Yogurt Greenfields Drink Blueberry 250 mL x 3pcs,https://images.tokopedia.net/img/cache/500-square/VqbcmM/2021/7/28/132afff6-48ee-40eb-af97-833e2c265cae.jpg,bestmeat
Saus Beef Yakiniku Omayo 250 gr,https://images.tokopedia.net/img/cache/500-square/VqbcmM/2021/6/12/1f1651fd-fe14-4d17-a929-e874079730e5.jpg,bestmeat
Bawang Goreng Brebes Bawangkoe 100 gr,https://images.tokopedia.net/img/cache/500-square/VqbcmM/2021/7/7/8cad2353-b033-4f2b-8b62-55d25a2cbfef.jpg,bestmeat
Bumbu Sop Dapur Ijah 50 gr Buy 2 Get 1 Free,https://images.tokopedia.net/img/cache/500-square/hDjmkQ/2021/7/18/e583a8a3-6a72-4aed-b23a-19b66ac03a12.jpg,bestmeat
Saus Teriyaki Omayo 250 gr,https://images.tokopedia.net/img/cache/500-square/VqbcmM/2021/6/12/b1998a2e-c8b1-4e18-92cb-fc48dd52c37b.jpg,bestmeat
Country Choice Juice Jambu 250 mL,https://images.tokopedia.net/img/cache/500-square/hDjmkQ/2021/6/22/86c51989-999f-4539-b40d-09755e6c5d21.jpg,bestmeat
Saus Barbeque Omayo 250 gr,https://images.tokopedia.net/img/cache/500-square/VqbcmM/2021/6/12/9875d5ca-5ddd-4444-9989-15284951b8de.jpg,bestmeat
S-tee Botol Pet 350 mL,https://images.tokopedia.net/img/cache/500-square/hDjmkQ/2021/6/22/6aa86be6-9012-452c-96ae-46626705d52f.jpg,bestmeat
Bumbu Semur Dapur Ijah 50 gr Buy 2 Get 1 Free,https://images.tokopedia.net/img/cache/500-square/hDjmkQ/2021/7/18/e4717be2-d269-4a80-86aa-ef1279714432.jpg,bestmeat
Gula Kristal Putih Kemasan Kuning Food Station 1000 gr,https://images.tokopedia.net/img/cache/500-square/VqbcmM/2021/5/11/461001a3-f28e-481a-8ae2-3472c1598f55.jpg,bestmeat
Gula Kristal Putih Kemasan Hijau Food Station 1000 gr,https://images.tokopedia.net/img/cache/500-square/VqbcmM/2021/5/11/7e38e907-6e58-4b4e-a5a8-7f24e641eb2f.jpg,bestmeat
Paket Sahur Praktis 1,https://images.tokopedia.net/img/cache/500-square/VqbcmM/2021/4/13/560d7a31-37f8-4b75-953f-cd448871bf75.jpg,bestmeat
Daging Ayam Potong 8 800 gr,https://images.tokopedia.net/img/cache/500-square/VqbcmM/2021/4/23/028f0103-b1e8-4c37-a11c-388e0b279cb6.jpg,bestmeat
Saus Lada Hitam Blackpepper Sauce Omayo 250 gr,https://images.tokopedia.net/img/cache/500-square/VqbcmM/2021/6/12/c4e51b57-572c-47c6-870f-8da312f65769.jpg,bestmeat
Bundling Daging ayam potong 10 x 2 pcs,https://images.tokopedia.net/img/cache/500-square/VqbcmM/2021/8/9/ee282289-ebea-46de-8e08-e7a6d2e1d0c8.jpg,bestmeat
Kentang Goreng Mydibel Traditions 1 kg,https://images.tokopedia.net/img/cache/500-square/VqbcmM/2021/3/17/caf09bef-e0ed-4998-8f36-5ab73f30f045.png,bestmeat
Bundling Daging Ayam Utuh 0.9 kg x 2 pcs,https://images.tokopedia.net/img/cache/500-square/VqbcmM/2021/6/7/85b64113-b064-4619-975c-a3ad3f37ecfd.jpg,bestmeat
Kentang Goreng Mydibel Shoestring 1 kg,https://images.tokopedia.net/img/cache/500-square/hDjmkQ/2021/6/22/6aa86be6-9012-452c-96ae-46626705d52f.jpg,bestmeat
Bundling Daging Ayam Potong 5 x 2 pcs,https://images.tokopedia.net/img/cache/500-square/VqbcmM/2021/3/5/f1dc6912-65e9-4b2b-948e-be0bf959be79.png,bestmeat
Nugget ayam koin Dosuka 500 gr,https://images.tokopedia.net/img/cache/500-square/VqbcmM/2021/4/7/62c6f30a-80ae-479d-bdb4-81ea1b09609c.jpg,bestmeat
Nugget Ayam Koin 250 gr,https://images.tokopedia.net/img/cache/500-square/VqbcmM/2021/4/7/62c6f30a-80ae-479d-bdb4-81ea1b09609c.jpg,bestmeat
Kobe Tepung Bakwan Kress (210 gr),https://images.tokopedia.net/img/cache/500-square/VqbcmM/2021/2/25/c1b048aa-45d4-4777-b530-c33d657f124d.png,bestmeat
Nugget Ayam Stik Dosuka 500 gr,https://images.tokopedia.net/img/cache/500-square/VqbcmM/2021/4/7/abacea02-2af2-4bac-8dd7-4b43fe426034.jpg,bestmeat
Daging Teriyaki Fatty Beef Slice BBF Meat Pack 250 gr,https://images.tokopedia.net/img/cache/500-square/VqbcmM/2020/12/5/5809daa7-18ff-4535-bfed-4cfb05347d14.png,bestmeat
So Good Chicken Stick Premium 400 gr,https://images.tokopedia.net/img/cache/500-square/VqbcmM/2020/11/30/b39709a3-07ed-45f7-b7ff-fcd965517d3b.jpg,bestmeat
Beli 2 gratis 1 Bakso Sapi Wagyu Santori 350 gr,https://images.tokopedia.net/img/cache/500-square/VqbcmM/2021/12/10/ef498e59-12b7-4639-84ef-2c95be2a683e.jpg,bestmeat
Pazar Bumbu Nasi Goreng Special 80 gr BUY 1 Get 1 Free,https://images.tokopedia.net/img/cache/500-square/VqbcmM/2020/12/12/f20892d6-389b-493e-bef6-4b13f8e8ec64.jpg,bestmeat
So Good Nugget Hot & Spicy 400 gr,https://images.tokopedia.net/img/cache/500-square/VqbcmM/2020/11/30/1ac5c224-2989-4f02-aa5b-1879cf6b320c.jpg,bestmeat
Pazar Bumbu Rendang Padang Sachet 35 gr BUY GET 1 FREE,https://images.tokopedia.net/img/cache/500-square/VqbcmM/2020/11/29/c5c2fbed-5b51-4a0e-bbd7-8fa0ec6df034.jpg,bestmeat
Nugget Ayam Dosuka 500 gr,https://images.tokopedia.net/img/cache/500-square/VqbcmM/2021/4/7/a1f6f92e-cf05-45b4-817a-cba696244c5f.jpg,bestmeat
Pazar Bumbu Kuah Bakso Sachet 30 gr BUY 1 GET 1,https://images.tokopedia.net/img/cache/500-square/VqbcmM/2020/11/29/b1feb0eb-f781-420c-a620-7cfbbd93a0ba.jpg,bestmeat
Omayo Cheese Buy 1 Get 1,https://images.tokopedia.net/img/cache/500-square/VqbcmM/2020/12/11/50c55605-cc73-4bd9-9396-9067051c8792.jpg,bestmeat
Bundling Omayo Pedas [10 x 10 gr] & Original [10 x 10 gr],https://images.tokopedia.net/img/cache/500-square/VqbcmM/2020/11/20/834884f1-eed0-4b6b-a0b7-2a3dec124d35.jpg,bestmeat
Bundling Susu Real Good Jelly Bubblegum 100 mL X 10 pcs,https://images.tokopedia.net/img/cache/500-square/VqbcmM/2020/11/21/c387c56e-bb2f-4c91-835a-a7c0a2836b05.jpg,bestmeat
Bundling Kentang Goreng FL Shoestring+Sosis Ayam Premio Mini Bratwurst,https://images.tokopedia.net/img/cache/500-square/VqbcmM/2020/11/20/1de61ff0-2a49-45bf-b53e-b415de52eca5.jpg,bestmeat
Bundling Daging Sapi Rendang BBF + 2 Sachet Bumbu Pazar Rendang,https://images.tokopedia.net/img/cache/500-square/VqbcmM/2020/11/20/1fba31de-4b76-498b-a0aa-43f6f9e8753a.jpg,bestmeat
Bundling Nugget Ayam Stick So Good Original 200 gr Buy 1 Get 1,https://images.tokopedia.net/img/cache/500-square/VqbcmM/2020/11/20/cdcbd3c5-2681-4904-9b65-1b645f6a4a55.jpg,bestmeat
Bundling Mayonnaise Omayo OriginalManis + Mayonnaise Omayo Pedas 180 gr,https://images.tokopedia.net/img/cache/500-square/VqbcmM/2020/11/20/5e5d072a-3137-4cd8-9b95-f0fc08629248.jpg,bestmeat
Bundling Bakso Sapi Wagyu Santori 350 gr + Bumbu Pazar Kuah Bakso 30 gr,https://images.tokopedia.net/img/cache/500-square/VqbcmM/2020/11/20/098c2c91-1bfb-411b-b33d-861cd5b80b77.jpg,bestmeat
Spicy Chicken So Good 400 gr - Ayam Potong Berbumbu,https://images.tokopedia.net/img/cache/500-square/VqbcmM/2021/4/23/e3c34ffa-a938-44e4-865c-14e8a700f383.jpg,bestmeat
Kornet Ayam Tora Duo 450 gr,https://images.tokopedia.net/img/cache/500-square/hDjmkQ/2021/1/30/a5822196-c32d-4dd6-b41f-adef37928432.png,bestmeat
Daging Ayam Cincang 500 gr,https://images.tokopedia.net/img/cache/500-square/hDjmkQ/2021/1/30/d878d9f9-8627-4fd3-9e52-3fd0355b12c0.png,bestmeat
Bundling Greenfields Yogurt Drink Blueberry 250 mL Buy 1 Get 1 Free x,https://images.tokopedia.net/img/cache/500-square/VqbcmM/2020/10/24/8ca7f3ca-4db0-479a-90cb-468e2c6eaa0c.jpg,bestmeat
Bundling Bakso Sapi Wagyu Santori 350 gr x 2 Pack,https://images.tokopedia.net/img/cache/500-square/product-1/2020/12/23/8325592/8325592_a0cee463-4fc9-4799-b1ce-0b200dca005c.jpg,bestmeat
Kornet Ayam Bentuk Koin Tora Duo 450 gr,https://images.tokopedia.net/img/cache/500-square/hDjmkQ/2021/1/30/333c3646-5d82-474b-9c24-9d1e6a529462.jpg,bestmeat
Yogurt Greenfields Drink Blueberry 250 mL,https://images.tokopedia.net/img/cache/500-square/VqbcmM/2021/2/27/809aa636-c8e9-4c94-a1b5-8c73c11a0618.jpg,bestmeat
Yogurt Greenfields Drink Strawberry 250 mL,https://images.tokopedia.net/img/cache/500-square/VqbcmM/2021/2/27/7455f907-b1ea-4baa-a5f3-e60627f770a8.jpg,bestmeat
So Good Food Spicy Chicken Strip [250 gr],https://images.tokopedia.net/img/cache/500-square/VqbcmM/2020/11/3/9e5e5706-da77-4932-882d-84f52505dba1.jpg,bestmeat
Susu Real Good Jelly Bubblegum 100 mL,https://images.tokopedia.net/img/cache/500-square/hDjmkQ/2021/1/30/dc03c857-0cda-4d61-82c2-ac270a630507.jpg,bestmeat
Susu Real Good Jelly Choco 100 mL,https://images.tokopedia.net/img/cache/500-square/hDjmkQ/2021/1/30/4ebaa151-5089-4ae2-a0b4-2e9ea68115eb.jpg,bestmeat
Susu Real Good UHT Choco 150 mL,https://images.tokopedia.net/img/cache/500-square/hDjmkQ/2021/1/30/601f31bc-dd6e-4de1-a4d9-4ddfea096aa7.png,bestmeat
Sosis Premium Hot and Spicy So Good 300 gr,https://images.tokopedia.net/img/cache/500-square/hDjmkQ/2021/1/30/83e66c98-2c5b-42ed-b5d7-f7d76ba8aca4.png,bestmeat
Daging Ayam Ulu 0.6,https://images.tokopedia.net/img/cache/500-square/hDjmkQ/2021/1/30/f2ccd6e0-da12-4261-a237-a506077aa7c9.png,bestmeat
Sirup Fres Clasic Rasa FrambozenRaspberry 625 mL,https://images.tokopedia.net/img/cache/500-square/VqbcmM/2021/3/24/6a89a86a-9d2a-4af8-b098-9f4db6803f13.jpg,bestmeat
Mayonnaise Omayo OriginalManis 180 gr,https://images.tokopedia.net/img/cache/500-square/VqbcmM/2021/4/23/b9679cdb-1db4-42d2-a084-bfa3a2db4596.jpg,bestmeat
Susu Real Good UHT Strawberry 150 mL,https://images.tokopedia.net/img/cache/500-square/hDjmkQ/2021/1/30/cb2f281a-88cf-47e5-9e58-9745f500f397.png,bestmeat
Lada Hitam Bubuk Pazar 50 gr,https://images.tokopedia.net/img/cache/500-square/hDjmkQ/2021/1/30/f1c06224-863c-4ebb-b96a-eda62bc2e94b.jpg,bestmeat
Lada Putih Bubuk Pazar 50 gr,https://images.tokopedia.net/img/cache/500-square/hDjmkQ/2021/1/30/b125bb80-709b-4b11-a32c-10dae81510ce.jpg,bestmeat
Bumbu Pazar Kuah Bakso Sachet 30 gr,https://images.tokopedia.net/img/cache/500-square/VqbcmM/2021/4/1/4025ec1b-952b-4bdf-80ff-f1019f9a9f77.jpg,bestmeat
Susu Real Good UHT Sweet Cheese 150 mL,https://images.tokopedia.net/img/cache/500-square/hDjmkQ/2021/1/30/0e5952b0-1e2a-41d0-a850-17457fe67368.png,bestmeat
Daging Ayam Ulu 0.5,https://images.tokopedia.net/img/cache/500-square/hDjmkQ/2021/1/30/f900c41a-6f80-49c8-a97a-946f75aba0b1.png,bestmeat
Daging Ayam Utuh 1.3 kg,https://images.tokopedia.net/img/cache/500-square/hDjmkQ/2021/1/30/e0c6d123-83c7-40eb-8262-74778446867e.png,bestmeat
Daging Ayam Utuh 1.4 kg,https://images.tokopedia.net/img/cache/500-square/hDjmkQ/2021/1/30/f922635c-3fff-43d6-88bf-ce1201f6f7b0.png,bestmeat
Daging Ayam Utuh 1.2 kg,https://images.tokopedia.net/img/cache/500-square/hDjmkQ/2021/1/30/3c33f4f7-8f5a-4327-bc42-52808282a1c0.png,bestmeat
Nugget Scallop Dosuka 500 gr,https://images.tokopedia.net/img/cache/500-square/hDjmkQ/2021/1/30/ca6bfaca-afae-475d-95d9-018d459e63fe.png,bestmeat
Minyak Goreng Super FS 1800 mL,https://images.tokopedia.net/img/cache/500-square/hDjmkQ/2021/1/30/9a4d13d2-03c8-4bc0-821d-4fadc2606bb5.jpg,bestmeat
Daging Sapi Rendang BBF 500 gr,https://images.tokopedia.net/img/cache/500-square/VqbcmM/2020/12/5/af50c269-5f0c-4dbc-924e-b3bc3160b6ba.png,bestmeat
Kobe Tepung Roti 200 gr,https://images.tokopedia.net/img/cache/500-square/VqbcmM/2021/4/27/82214fd2-8d84-45a2-b1f5-a41e11041953.jpg,bestmeat
Kobe Tepung Kentucky Super Crispy 210 gr,https://images.tokopedia.net/img/cache/500-square/VqbcmM/2021/4/1/3d2bedfb-953f-4dc5-8a3a-20fa36de5b4b.jpg,bestmeat
Bakso Ayam Tora Duo 500 gr,https://images.tokopedia.net/img/cache/500-square/hDjmkQ/2021/1/30/f60f4fb7-b127-4ca6-80d3-15a1a939798a.png,bestmeat
Sosis Premium Smoke Bratwurst So Good 300 gr,https://images.tokopedia.net/img/cache/500-square/hDjmkQ/2021/1/30/83e66c98-2c5b-42ed-b5d7-f7d76ba8aca4.png,bestmeat
Sosis Ayam Dosuka 375 gr,https://images.tokopedia.net/img/cache/500-square/hDjmkQ/2021/1/30/0d083c18-0ce3-48e8-aeb8-1cf41821a106.png,bestmeat
Daging Ayam Utuh 1.5 kg,https://images.tokopedia.net/img/cache/500-square/hDjmkQ/2021/1/30/f922635c-3fff-43d6-88bf-ce1201f6f7b0.png,bestmeat
Kentang Goreng Frozenland Batter Coated 500 gr,https://images.tokopedia.net/img/cache/500-square/VqbcmM/2021/4/7/b63f3e06-e1ef-4b5f-84cc-7c45db897f6b.jpg,bestmeat
Bundling Nugget Ayam Stick So Good Original & Spicy Garlic 200 gr x 2,https://images.tokopedia.net/img/cache/500-square/product-1/2020/7/27/100193100/100193100_f455de35-0e17-42ed-bf3a-d6c8cba3f621_1000_1000,bestmeat
Bundling Daging Ayam Cut Up 10 (1 kg) + Bumbu Pazar Ayam Goreng Special,https://images.tokopedia.net/img/cache/500-square/VqbcmM/2020/11/20/2ed7de72-da34-4381-83e0-d9d5e6e8f3e8.jpg,bestmeat
Bundling Sosis Ayam Premio Blackpepper & Original (500 gr x 2),https://images.tokopedia.net/img/cache/500-square/VqbcmM/2021/12/10/83d7a07b-afc4-4fea-b6a6-a0f9f7351b07.jpg,bestmeat
Bebek Goreng Premium 500 gr,https://images.tokopedia.net/img/cache/500-square/VqbcmM/2021/3/24/eb96e1b1-2dec-4703-8927-3e4cc554fd80.jpg,bestmeat
Sosis Ayam Dosuka 1000 gr,https://images.tokopedia.net/img/cache/500-square/hDjmkQ/2021/1/30/5ca1bda5-9d6b-4a5c-91a6-425add418e48.png,bestmeat
Bundling Sosis Ayam Best Chicken (1 kg) & Mayonaise Omayo Original,https://images.tokopedia.net/img/cache/500-square/product-1/2020/8/14/100193100/100193100_7818b1ba-7e02-418a-8eca-7f5b9f7d2178_1000_1000,bestmeat
Pempek Ikan Seafood Lovers 250 gr,https://images.tokopedia.net/img/cache/500-square/VqbcmM/2021/4/7/ed369837-770f-41f4-bc6b-8aa1182d5f2c.jpg,bestmeat
Bundling Seafood lovers Siomay 250 gr (2 pcs),https://images.tokopedia.net/img/cache/500-square/VqbcmM/2021/12/10/6019cf74-a668-4180-915c-9c44448d43d6.jpg,bestmeat
Nugget Ayam Stick Sedap So Nice 250 gr,https://images.tokopedia.net/img/cache/500-square/hDjmkQ/2021/1/30/5c8d1884-5653-4696-996a-edb445fde9b0.jpg,bestmeat
Nugget Ayam Stick So Good Spicy Garlic 200 gr,https://images.tokopedia.net/img/cache/500-square/hDjmkQ/2021/1/30/cda629eb-751b-4e1d-8cde-85ab709ab1ad.jpg,bestmeat
Bumbu Pazar Nasi Goreng Special Sachet 40 gr,https://images.tokopedia.net/img/cache/500-square/VqbcmM/2021/4/1/f774a1ca-1538-4045-889d-76310f2cbba6.jpg,bestmeat
Nugget Ayam So Good 400 gr,https://images.tokopedia.net/img/cache/500-square/hDjmkQ/2021/1/30/fcf9fc04-5722-4449-80ab-bcaf52b8f6eb.jpg,bestmeat
Nugget Ayam Stick So Good Original 200 gr,https://images.tokopedia.net/img/cache/500-square/hDjmkQ/2021/1/30/38d72610-7236-45e2-a882-24f0f5ae34c2.jpg,bestmeat
Pazar Bumbu Kuah Bakso Sachet 40 gr,https://images.tokopedia.net/img/cache/500-square/product-1/2020/10/8/100193100/100193100_7ce91ed0-26aa-4e8e-aff2-18c86d1c7289_500_500,bestmeat
Bumbu Pazar Ayam Goreng Special Sachet 40 gr,https://images.tokopedia.net/img/cache/500-square/VqbcmM/2021/4/1/03482ad4-debc-4ee2-b692-90374d789cc3.jpg,bestmeat
Bumbu Pazar Rendang Sachet 35 gr,https://images.tokopedia.net/img/cache/500-square/VqbcmM/2021/4/1/2ad369db-b013-4d70-8570-096641bab2aa.jpg,bestmeat
Mayonnaise Omayo Keju Sachet [10 Sachet @ 10 gr],https://images.tokopedia.net/img/cache/500-square/hDjmkQ/2021/1/30/6acd3b8c-2232-4d9d-9641-b6b912b509ab.png,bestmeat
Mayonaise Omayo Original Sachet [10 Sachet @ 10 gr],https://images.tokopedia.net/img/cache/500-square/hDjmkQ/2021/1/30/1f0e34fc-830b-465e-8340-111e317d0a35.png,bestmeat
Mayonaise Omayo Pedas Sachet [10 Sachet @ 10 gr],https://images.tokopedia.net/img/cache/500-square/hDjmkQ/2021/1/30/e42e19e3-0ac0-48b9-b6d3-ebea798534ed.png,bestmeat
Bakso Ayam Best Chicken 500 gr,https://images.tokopedia.net/img/cache/500-square/hDjmkQ/2021/1/30/cb13f7dc-c2a8-4ea1-b48e-710331320cd4.png,bestmeat
Sosis Ayam Best Chicken 1000 gr (1 kg),https://images.tokopedia.net/img/cache/500-square/hDjmkQ/2021/1/30/b49ac82e-fea5-4f00-9285-2ab1f4066112.png,bestmeat
Daging Ayam Potong 10 1000 gr,https://images.tokopedia.net/img/cache/500-square/hDjmkQ/2021/1/30/ec20657f-2ffe-45d8-8324-246e71b2df62.png,bestmeat
Nugget Ayam Bentuk Scallop Tora Duo 500 gr,https://images.tokopedia.net/img/cache/500-square/hDjmkQ/2021/1/30/0bd5a305-12e7-4268-8e4e-0f8bd3a7a6e6.png,bestmeat
Dada Ayam Utuh 500 gr,https://images.tokopedia.net/img/cache/500-square/hDjmkQ/2021/1/30/fbcbe72c-a7e3-4de7-9a3b-3ec79ed4ecfd.png,bestmeat
Daging Ayam Potong 5 500 gr,https://images.tokopedia.net/img/cache/500-square/VqbcmM/2021/2/3/28bd1c0b-3f80-4d60-a404-fb442e11aeb3.png,bestmeat
